<Backups xmlns="http://www.microsoft.com/GroupPolicy/GPOOperations/Manifest" xmlns:mfst="http://www.microsoft.com/GroupPolicy/GPOOperations/Manifest" mfst:version="1.0"><BackupInst><GPOGuid><![CDATA[{B44F6BC0-D3EB-4610-8D76-94721EFC5483}]]></GPOGuid><GPODomain><![CDATA[ansible.lan]]></GPODomain><GPODomainGuid><![CDATA[{af82a4f4-1773-4c8e-9983-ba2404847a8d}]]></GPODomainGuid><GPODomainController><![CDATA[Ansible-W2019.ansible.lan]]></GPODomainController><BackupTime><![CDATA[2022-05-06T22:35:13]]></BackupTime><ID><![CDATA[{E4F6B238-6933-4752-8FA7-2D41BEADDC1B}]]></ID><Comment><![CDATA[]]></Comment><GPODisplayName><![CDATA[DoD - Project 2016]]></GPODisplayName></BackupInst></Backups>