<Backups xmlns="http://www.microsoft.com/GroupPolicy/GPOOperations/Manifest" xmlns:mfst="http://www.microsoft.com/GroupPolicy/GPOOperations/Manifest" mfst:version="1.0"><BackupInst><GPOGuid><![CDATA[{FEE2AED2-8941-4A80-B864-6E940CD0B4CE}]]></GPOGuid><GPODomain><![CDATA[ansible.lan]]></GPODomain><GPODomainGuid><![CDATA[{af82a4f4-1773-4c8e-9983-ba2404847a8d}]]></GPODomainGuid><GPODomainController><![CDATA[Ansible-W2019.ansible.lan]]></GPODomainController><BackupTime><![CDATA[2022-05-06T22:35:17]]></BackupTime><ID><![CDATA[{F5D851BD-F11B-43D5-8B2A-2AD999F30F45}]]></ID><Comment><![CDATA[]]></Comment><GPODisplayName><![CDATA[DoD - OneDrive for Business 2016 - Computer]]></GPODisplayName></BackupInst></Backups>