<Backups xmlns="http://www.microsoft.com/GroupPolicy/GPOOperations/Manifest" xmlns:mfst="http://www.microsoft.com/GroupPolicy/GPOOperations/Manifest" mfst:version="1.0"><BackupInst><GPOGuid><![CDATA[{E5851135-96AE-47AB-A380-B9F452CF6873}]]></GPOGuid><GPODomain><![CDATA[ansible.lan]]></GPODomain><GPODomainGuid><![CDATA[{af82a4f4-1773-4c8e-9983-ba2404847a8d}]]></GPODomainGuid><GPODomainController><![CDATA[Ansible-W2019.ansible.lan]]></GPODomainController><BackupTime><![CDATA[2022-05-06T22:35:16]]></BackupTime><ID><![CDATA[{53CDF66D-DD5F-4E48-ACBB-1674DE41AFCB}]]></ID><Comment><![CDATA[]]></Comment><GPODisplayName><![CDATA[DoD - Office 2013 System - User]]></GPODisplayName></BackupInst></Backups>