<BackupInst xmlns="http://www.microsoft.com/GroupPolicy/GPOOperations/Manifest"><GPOGuid><![CDATA[{603526B7-0C79-40E4-9486-2E78A56CAB4D}]]></GPOGuid><GPODomain><![CDATA[sos.lan]]></GPODomain><GPODomainGuid><![CDATA[{89a6e0cf-7bb3-4c97-9bd9-ed7bd5d40b36}]]></GPODomainGuid><GPODomainController><![CDATA[SOSDC1.sos.lan]]></GPODomainController><BackupTime><![CDATA[2021-08-23T19:30:35]]></BackupTime><ID><![CDATA[{E870D629-5741-454C-9253-2D75FAA761E2}]]></ID><Comment><![CDATA[]]></Comment><GPODisplayName><![CDATA[SOS - FireFox STIG]]></GPODisplayName></BackupInst>
