<BackupInst xmlns="http://www.microsoft.com/GroupPolicy/GPOOperations/Manifest"><GPOGuid><![CDATA[{B44BFE52-72AB-476F-8EEF-06EB80D694BB}]]></GPOGuid><GPODomain><![CDATA[sos.lan]]></GPODomain><GPODomainGuid><![CDATA[{89a6e0cf-7bb3-4c97-9bd9-ed7bd5d40b36}]]></GPODomainGuid><GPODomainController><![CDATA[SOSDC1.sos.lan]]></GPODomainController><BackupTime><![CDATA[2021-08-23T19:30:44]]></BackupTime><ID><![CDATA[{29BB9414-E410-4278-B010-50BB5644FE0A}]]></ID><Comment><![CDATA[]]></Comment><GPODisplayName><![CDATA[SOS - Windows Defender Application Control - Audit]]></GPODisplayName></BackupInst>
