<BackupInst xmlns="http://www.microsoft.com/GroupPolicy/GPOOperations/Manifest"><GPOGuid><![CDATA[{BF1505A5-1617-4578-BFA8-316C57243D87}]]></GPOGuid><GPODomain><![CDATA[ansible.lan]]></GPODomain><GPODomainGuid><![CDATA[{af82a4f4-1773-4c8e-9983-ba2404847a8d}]]></GPODomainGuid><GPODomainController><![CDATA[Ansible-W2019.ansible.lan]]></GPODomainController><BackupTime><![CDATA[2022-05-06T22:35:14]]></BackupTime><ID><![CDATA[{CFDB792B-F3B9-434F-821B-6604C576BD3E}]]></ID><Comment><![CDATA[]]></Comment><GPODisplayName><![CDATA[DoD - Visio 2013]]></GPODisplayName></BackupInst>
