<Backups xmlns="http://www.microsoft.com/GroupPolicy/GPOOperations/Manifest" xmlns:mfst="http://www.microsoft.com/GroupPolicy/GPOOperations/Manifest" mfst:version="1.0"><BackupInst><GPOGuid><![CDATA[{FE163FEF-EE05-451C-9519-8BB05264A889}]]></GPOGuid><GPODomain><![CDATA[ansible.lan]]></GPODomain><GPODomainGuid><![CDATA[{af82a4f4-1773-4c8e-9983-ba2404847a8d}]]></GPODomainGuid><GPODomainController><![CDATA[Ansible-W2019.ansible.lan]]></GPODomainController><BackupTime><![CDATA[2022-05-06T22:35:17]]></BackupTime><ID><![CDATA[{5C8E872E-6191-4F98-80E6-D96800AFB9BA}]]></ID><Comment><![CDATA[]]></Comment><GPODisplayName><![CDATA[DoD - Google Chrome]]></GPODisplayName></BackupInst></Backups>