<BackupInst xmlns="http://www.microsoft.com/GroupPolicy/GPOOperations/Manifest"><GPOGuid><![CDATA[{D0678259-4173-447D-B31B-AEB58B7DAA92}]]></GPOGuid><GPODomain><![CDATA[ansible.lan]]></GPODomain><GPODomainGuid><![CDATA[{af82a4f4-1773-4c8e-9983-ba2404847a8d}]]></GPODomainGuid><GPODomainController><![CDATA[Ansible-W2019.ansible.lan]]></GPODomainController><BackupTime><![CDATA[2022-05-06T22:35:15]]></BackupTime><ID><![CDATA[{2E0E13CA-3423-4A64-B3D4-B181E115349B}]]></ID><Comment><![CDATA[]]></Comment><GPODisplayName><![CDATA[DoD - OneDrive for Business 2016 - User]]></GPODisplayName></BackupInst>
