<Backups xmlns="http://www.microsoft.com/GroupPolicy/GPOOperations/Manifest" xmlns:mfst="http://www.microsoft.com/GroupPolicy/GPOOperations/Manifest" mfst:version="1.0"><BackupInst><GPOGuid><![CDATA[{B47DB0D2-2105-4A80-A995-A779B5A6ADA8}]]></GPOGuid><GPODomain><![CDATA[ansible.lan]]></GPODomain><GPODomainGuid><![CDATA[{af82a4f4-1773-4c8e-9983-ba2404847a8d}]]></GPODomainGuid><GPODomainController><![CDATA[Ansible-W2019.ansible.lan]]></GPODomainController><BackupTime><![CDATA[2022-05-06T22:35:13]]></BackupTime><ID><![CDATA[{8102B881-BDF1-4152-8E1B-56CF0A0EAC70}]]></ID><Comment><![CDATA[]]></Comment><GPODisplayName><![CDATA[DoD - Office 2019 System - User]]></GPODisplayName></BackupInst></Backups>