<Backups xmlns="http://www.microsoft.com/GroupPolicy/GPOOperations/Manifest" xmlns:mfst="http://www.microsoft.com/GroupPolicy/GPOOperations/Manifest" mfst:version="1.0"><BackupInst><GPOGuid><![CDATA[{B95B171C-A572-4F0F-9B7D-F2250C607B0E}]]></GPOGuid><GPODomain><![CDATA[ansible.lan]]></GPODomain><GPODomainGuid><![CDATA[{af82a4f4-1773-4c8e-9983-ba2404847a8d}]]></GPODomainGuid><GPODomainController><![CDATA[Ansible-W2019.ansible.lan]]></GPODomainController><BackupTime><![CDATA[2022-05-06T22:35:14]]></BackupTime><ID><![CDATA[{CB9410B9-2989-42F4-9663-10DE2AA0B5BA}]]></ID><Comment><![CDATA[]]></Comment><GPODisplayName><![CDATA[DoD - PowerPoint 2016]]></GPODisplayName></BackupInst></Backups>