<Backups xmlns="http://www.microsoft.com/GroupPolicy/GPOOperations/Manifest" xmlns:mfst="http://www.microsoft.com/GroupPolicy/GPOOperations/Manifest" mfst:version="1.0"><BackupInst><GPOGuid><![CDATA[{0AEB3BBB-B22A-473F-BB22-A55C603C4540}]]></GPOGuid><GPODomain><![CDATA[ansible.lan]]></GPODomain><GPODomainGuid><![CDATA[{af82a4f4-1773-4c8e-9983-ba2404847a8d}]]></GPODomainGuid><GPODomainController><![CDATA[Ansible-W2019.ansible.lan]]></GPODomainController><BackupTime><![CDATA[2022-05-06T22:35:05]]></BackupTime><ID><![CDATA[{C982F0D4-847D-442A-9D32-D295B6A125AA}]]></ID><Comment><![CDATA[]]></Comment><GPODisplayName><![CDATA[DoD - Infopath 2013 - User]]></GPODisplayName></BackupInst></Backups>