<Backups xmlns="http://www.microsoft.com/GroupPolicy/GPOOperations/Manifest" xmlns:mfst="http://www.microsoft.com/GroupPolicy/GPOOperations/Manifest" mfst:version="1.0"><BackupInst><GPOGuid><![CDATA[{2EF322F1-0A29-4BF4-8E1A-64416697835F}]]></GPOGuid><GPODomain><![CDATA[ansible.lan]]></GPODomain><GPODomainGuid><![CDATA[{af82a4f4-1773-4c8e-9983-ba2404847a8d}]]></GPODomainGuid><GPODomainController><![CDATA[Ansible-W2019.ansible.lan]]></GPODomainController><BackupTime><![CDATA[2022-05-06T22:35:06]]></BackupTime><ID><![CDATA[{9A1E4290-FEAF-45B2-B3F6-95DBCEDBA5BF}]]></ID><Comment><![CDATA[]]></Comment><GPODisplayName><![CDATA[DoD - Addendum to Imported GPOs]]></GPODisplayName></BackupInst></Backups>