<Backups xmlns="http://www.microsoft.com/GroupPolicy/GPOOperations/Manifest" xmlns:mfst="http://www.microsoft.com/GroupPolicy/GPOOperations/Manifest" mfst:version="1.0"><BackupInst><GPOGuid><![CDATA[{59EAD60F-503F-48D9-B79C-1BF15E0F3C59}]]></GPOGuid><GPODomain><![CDATA[sos.lan]]></GPODomain><GPODomainGuid><![CDATA[{89a6e0cf-7bb3-4c97-9bd9-ed7bd5d40b36}]]></GPODomainGuid><GPODomainController><![CDATA[SOSDC1.sos.lan]]></GPODomainController><BackupTime><![CDATA[2021-08-23T20:58:51]]></BackupTime><ID><![CDATA[{DC8070F5-E7C0-46C1-9137-EAD3093C2EC6}]]></ID><Comment><![CDATA[]]></Comment><GPODisplayName><![CDATA[SOS - Telemetry and Security]]></GPODisplayName></BackupInst></Backups>