<BackupInst xmlns="http://www.microsoft.com/GroupPolicy/GPOOperations/Manifest"><GPOGuid><![CDATA[{A43D3458-875E-4138-87CC-94AC1C55A551}]]></GPOGuid><GPODomain><![CDATA[ansible.lan]]></GPODomain><GPODomainGuid><![CDATA[{af82a4f4-1773-4c8e-9983-ba2404847a8d}]]></GPODomainGuid><GPODomainController><![CDATA[Ansible-W2019.ansible.lan]]></GPODomainController><BackupTime><![CDATA[2022-05-06T22:35:13]]></BackupTime><ID><![CDATA[{57D88B7D-AC94-4A47-AFD0-69FFF2E48DDA}]]></ID><Comment><![CDATA[]]></Comment><GPODisplayName><![CDATA[DoD - PowerPoint 2013]]></GPODisplayName></BackupInst>
