<BackupInst xmlns="http://www.microsoft.com/GroupPolicy/GPOOperations/Manifest"><GPOGuid><![CDATA[{952C2661-76DE-4ED3-B4A5-23A90C3371F1}]]></GPOGuid><GPODomain><![CDATA[ansible.lan]]></GPODomain><GPODomainGuid><![CDATA[{af82a4f4-1773-4c8e-9983-ba2404847a8d}]]></GPODomainGuid><GPODomainController><![CDATA[Ansible-W2019.ansible.lan]]></GPODomainController><BackupTime><![CDATA[2022-05-06T22:35:11]]></BackupTime><ID><![CDATA[{3F7B8F67-7985-40C7-8C43-1F9688E74708}]]></ID><Comment><![CDATA[]]></Comment><GPODisplayName><![CDATA[DoD - Access 2016]]></GPODisplayName></BackupInst>
