<BackupInst xmlns="http://www.microsoft.com/GroupPolicy/GPOOperations/Manifest"><GPOGuid><![CDATA[{B1E195BA-763C-4F14-9C1B-57BAD12677E0}]]></GPOGuid><GPODomain><![CDATA[sos.lan]]></GPODomain><GPODomainGuid><![CDATA[{89a6e0cf-7bb3-4c97-9bd9-ed7bd5d40b36}]]></GPODomainGuid><GPODomainController><![CDATA[SOSDC1.sos.lan]]></GPODomainController><BackupTime><![CDATA[2021-08-23T19:30:44]]></BackupTime><ID><![CDATA[{0FF05011-E55F-4680-A5FD-C2C27503712D}]]></ID><Comment><![CDATA[]]></Comment><GPODisplayName><![CDATA[SOS - Device Guard]]></GPODisplayName></BackupInst>
