<Backups xmlns="http://www.microsoft.com/GroupPolicy/GPOOperations/Manifest" xmlns:mfst="http://www.microsoft.com/GroupPolicy/GPOOperations/Manifest" mfst:version="1.0"><BackupInst><GPOGuid><![CDATA[{3D32B1BB-0C41-49A1-91A8-F3C9DABD191F}]]></GPOGuid><GPODomain><![CDATA[ansible.lan]]></GPODomain><GPODomainGuid><![CDATA[{af82a4f4-1773-4c8e-9983-ba2404847a8d}]]></GPODomainGuid><GPODomainController><![CDATA[Ansible-W2019.ansible.lan]]></GPODomainController><BackupTime><![CDATA[2022-05-06T22:35:07]]></BackupTime><ID><![CDATA[{86AF11E9-3A32-49D5-9C53-DC229B906FF9}]]></ID><Comment><![CDATA[]]></Comment><GPODisplayName><![CDATA[DoD - Publisher 2016]]></GPODisplayName></BackupInst></Backups>