<BackupInst xmlns="http://www.microsoft.com/GroupPolicy/GPOOperations/Manifest"><GPOGuid><![CDATA[{3512782C-C12B-447E-8491-45D15753EBD6}]]></GPOGuid><GPODomain><![CDATA[ansible.lan]]></GPODomain><GPODomainGuid><![CDATA[{af82a4f4-1773-4c8e-9983-ba2404847a8d}]]></GPODomainGuid><GPODomainController><![CDATA[Ansible-W2019.ansible.lan]]></GPODomainController><BackupTime><![CDATA[2022-05-06T22:35:07]]></BackupTime><ID><![CDATA[{E14ECA99-6ECA-4966-AB43-9A4B748D2AB8}]]></ID><Comment><![CDATA[]]></Comment><GPODisplayName><![CDATA[DoD - Skype for Business 2016]]></GPODisplayName></BackupInst>
