<Backups xmlns="http://www.microsoft.com/GroupPolicy/GPOOperations/Manifest" xmlns:mfst="http://www.microsoft.com/GroupPolicy/GPOOperations/Manifest" mfst:version="1.0"><BackupInst><GPOGuid><![CDATA[{4EF6F7F1-E180-4D21-AA0C-7830CFC089A2}]]></GPOGuid><GPODomain><![CDATA[ansible.lan]]></GPODomain><GPODomainGuid><![CDATA[{af82a4f4-1773-4c8e-9983-ba2404847a8d}]]></GPODomainGuid><GPODomainController><![CDATA[Ansible-W2019.ansible.lan]]></GPODomainController><BackupTime><![CDATA[2022-05-06T22:35:07]]></BackupTime><ID><![CDATA[{B1900D7D-33AE-4575-9265-153E2F2087D3}]]></ID><Comment><![CDATA[]]></Comment><GPODisplayName><![CDATA[DoD - Adobe Acrobat Reader DC Cont. - Computer]]></GPODisplayName></BackupInst></Backups>