<Backups xmlns="http://www.microsoft.com/GroupPolicy/GPOOperations/Manifest" xmlns:mfst="http://www.microsoft.com/GroupPolicy/GPOOperations/Manifest" mfst:version="1.0"><BackupInst><GPOGuid><![CDATA[{6A65D430-99E4-41AE-A15F-605C0F7C3990}]]></GPOGuid><GPODomain><![CDATA[ansible.lan]]></GPODomain><GPODomainGuid><![CDATA[{af82a4f4-1773-4c8e-9983-ba2404847a8d}]]></GPODomainGuid><GPODomainController><![CDATA[Ansible-W2019.ansible.lan]]></GPODomainController><BackupTime><![CDATA[2022-05-06T22:35:09]]></BackupTime><ID><![CDATA[{3B34C5C3-437A-40F3-ACB5-71440F00D58E}]]></ID><Comment><![CDATA[]]></Comment><GPODisplayName><![CDATA[DoD - Lync 2013]]></GPODisplayName></BackupInst></Backups>