<BackupInst xmlns="http://www.microsoft.com/GroupPolicy/GPOOperations/Manifest"><GPOGuid><![CDATA[{E4D913A8-C520-463C-900C-4B46B6CBF818}]]></GPOGuid><GPODomain><![CDATA[ansible.lan]]></GPODomain><GPODomainGuid><![CDATA[{af82a4f4-1773-4c8e-9983-ba2404847a8d}]]></GPODomainGuid><GPODomainController><![CDATA[Ansible-W2019.ansible.lan]]></GPODomainController><BackupTime><![CDATA[2022-05-06T22:35:16]]></BackupTime><ID><![CDATA[{E3AE57A6-E34F-41B8-8E92-F8ACE01FBE43}]]></ID><Comment><![CDATA[]]></Comment><GPODisplayName><![CDATA[DoD - Excel 2016]]></GPODisplayName></BackupInst>
