<BackupInst xmlns="http://www.microsoft.com/GroupPolicy/GPOOperations/Manifest"><GPOGuid><![CDATA[{04BE9045-D50E-456F-9B58-1E6C32989A51}]]></GPOGuid><GPODomain><![CDATA[sos.lan]]></GPODomain><GPODomainGuid><![CDATA[{89a6e0cf-7bb3-4c97-9bd9-ed7bd5d40b36}]]></GPODomainGuid><GPODomainController><![CDATA[SOSDC1.sos.lan]]></GPODomainController><BackupTime><![CDATA[2021-08-23T20:58:47]]></BackupTime><ID><![CDATA[{CCE2CD50-E8B5-4D82-936A-24BF86EC6AE2}]]></ID><Comment><![CDATA[]]></Comment><GPODisplayName><![CDATA[SOS - Browser Configurations]]></GPODisplayName></BackupInst>
