<BackupInst xmlns="http://www.microsoft.com/GroupPolicy/GPOOperations/Manifest"><GPOGuid><![CDATA[{64913DFA-A22D-4721-8DD8-6B9B56AD60F2}]]></GPOGuid><GPODomain><![CDATA[ansible.lan]]></GPODomain><GPODomainGuid><![CDATA[{af82a4f4-1773-4c8e-9983-ba2404847a8d}]]></GPODomainGuid><GPODomainController><![CDATA[Ansible-W2019.ansible.lan]]></GPODomainController><BackupTime><![CDATA[2022-05-06T22:35:08]]></BackupTime><ID><![CDATA[{BBC1338B-1C45-45BE-B24F-BCCAC594EB86}]]></ID><Comment><![CDATA[]]></Comment><GPODisplayName><![CDATA[DoD - Project 2013]]></GPODisplayName></BackupInst>
