<Backups xmlns="http://www.microsoft.com/GroupPolicy/GPOOperations/Manifest" xmlns:mfst="http://www.microsoft.com/GroupPolicy/GPOOperations/Manifest" mfst:version="1.0"><BackupInst><GPOGuid><![CDATA[{8C20298B-0915-4AB0-8D6A-A2360BB78413}]]></GPOGuid><GPODomain><![CDATA[sos.lan]]></GPODomain><GPODomainGuid><![CDATA[{89a6e0cf-7bb3-4c97-9bd9-ed7bd5d40b36}]]></GPODomainGuid><GPODomainController><![CDATA[SOSDC1.sos.lan]]></GPODomainController><BackupTime><![CDATA[2021-08-23T19:30:41]]></BackupTime><ID><![CDATA[{83658AD0-A018-47C6-AAEE-F3836CC388A8}]]></ID><Comment><![CDATA[]]></Comment><GPODisplayName><![CDATA[NSACyber - Applocker (Audit)]]></GPODisplayName></BackupInst></Backups>