<Backups xmlns="http://www.microsoft.com/GroupPolicy/GPOOperations/Manifest" xmlns:mfst="http://www.microsoft.com/GroupPolicy/GPOOperations/Manifest" mfst:version="1.0"><BackupInst><GPOGuid><![CDATA[{E1514E74-3F59-40A3-9D72-49B8CCEB4593}]]></GPOGuid><GPODomain><![CDATA[ansible.lan]]></GPODomain><GPODomainGuid><![CDATA[{af82a4f4-1773-4c8e-9983-ba2404847a8d}]]></GPODomainGuid><GPODomainController><![CDATA[Ansible-W2019.ansible.lan]]></GPODomainController><BackupTime><![CDATA[2022-05-06T22:35:16]]></BackupTime><ID><![CDATA[{418B8702-515C-4A90-A1CB-D9D83D174274}]]></ID><Comment><![CDATA[]]></Comment><GPODisplayName><![CDATA[DoD - Mozilla FireFox]]></GPODisplayName></BackupInst></Backups>