<Backups xmlns="http://www.microsoft.com/GroupPolicy/GPOOperations/Manifest" xmlns:mfst="http://www.microsoft.com/GroupPolicy/GPOOperations/Manifest" mfst:version="1.0"><BackupInst><GPOGuid><![CDATA[{862BD9EA-1131-4207-A1EF-0C3F3505F220}]]></GPOGuid><GPODomain><![CDATA[ansible.lan]]></GPODomain><GPODomainGuid><![CDATA[{af82a4f4-1773-4c8e-9983-ba2404847a8d}]]></GPODomainGuid><GPODomainController><![CDATA[Ansible-W2019.ansible.lan]]></GPODomainController><BackupTime><![CDATA[2022-05-06T22:35:11]]></BackupTime><ID><![CDATA[{06943507-356A-4FEC-B6FE-D6B9D36E91F3}]]></ID><Comment><![CDATA[]]></Comment><GPODisplayName><![CDATA[DoD - Chromium Edge]]></GPODisplayName></BackupInst></Backups>