<Backups xmlns="http://www.microsoft.com/GroupPolicy/GPOOperations/Manifest" xmlns:mfst="http://www.microsoft.com/GroupPolicy/GPOOperations/Manifest" mfst:version="1.0"><BackupInst><GPOGuid><![CDATA[{C0061806-1FE5-4069-9894-6B2D0449C677}]]></GPOGuid><GPODomain><![CDATA[ansible.lan]]></GPODomain><GPODomainGuid><![CDATA[{af82a4f4-1773-4c8e-9983-ba2404847a8d}]]></GPODomainGuid><GPODomainController><![CDATA[Ansible-W2019.ansible.lan]]></GPODomainController><BackupTime><![CDATA[2022-05-06T22:35:14]]></BackupTime><ID><![CDATA[{ED2B0D93-8512-4A48-A073-6EB412BBD9C6}]]></ID><Comment><![CDATA[]]></Comment><GPODisplayName><![CDATA[DoD - Outlook 2016]]></GPODisplayName></BackupInst></Backups>