<BackupInst xmlns="http://www.microsoft.com/GroupPolicy/GPOOperations/Manifest"><GPOGuid><![CDATA[{572AE3E4-0136-4DED-9151-E4B5ADD12756}]]></GPOGuid><GPODomain><![CDATA[ansible.lan]]></GPODomain><GPODomainGuid><![CDATA[{af82a4f4-1773-4c8e-9983-ba2404847a8d}]]></GPODomainGuid><GPODomainController><![CDATA[Ansible-W2019.ansible.lan]]></GPODomainController><BackupTime><![CDATA[2022-05-06T22:35:08]]></BackupTime><ID><![CDATA[{1A78723A-E6D2-4276-A844-214B8D088E61}]]></ID><Comment><![CDATA[]]></Comment><GPODisplayName><![CDATA[DoD - Excel 2013]]></GPODisplayName></BackupInst>
