<Backups xmlns="http://www.microsoft.com/GroupPolicy/GPOOperations/Manifest" xmlns:mfst="http://www.microsoft.com/GroupPolicy/GPOOperations/Manifest" mfst:version="1.0"><BackupInst><GPOGuid><![CDATA[{E8678713-2A61-40B4-9333-1F153F5209F1}]]></GPOGuid><GPODomain><![CDATA[ansible.lan]]></GPODomain><GPODomainGuid><![CDATA[{af82a4f4-1773-4c8e-9983-ba2404847a8d}]]></GPODomainGuid><GPODomainController><![CDATA[Ansible-W2019.ansible.lan]]></GPODomainController><BackupTime><![CDATA[2022-05-06T22:35:16]]></BackupTime><ID><![CDATA[{0F13EFA3-8F6B-4121-8258-68B92D4FBD64}]]></ID><Comment><![CDATA[]]></Comment><GPODisplayName><![CDATA[DoD - Outlook 2013]]></GPODisplayName></BackupInst></Backups>