<BackupInst xmlns="http://www.microsoft.com/GroupPolicy/GPOOperations/Manifest"><GPOGuid><![CDATA[{A516CBB6-A7FE-4262-95B4-E50828CB695B}]]></GPOGuid><GPODomain><![CDATA[ansible.lan]]></GPODomain><GPODomainGuid><![CDATA[{af82a4f4-1773-4c8e-9983-ba2404847a8d}]]></GPODomainGuid><GPODomainController><![CDATA[Ansible-W2019.ansible.lan]]></GPODomainController><BackupTime><![CDATA[2022-05-06T22:35:13]]></BackupTime><ID><![CDATA[{E064B573-AB07-42C6-82A1-D0C69B4ED3FC}]]></ID><Comment><![CDATA[]]></Comment><GPODisplayName><![CDATA[DoD - Word 2013]]></GPODisplayName></BackupInst>
