<Backups xmlns="http://www.microsoft.com/GroupPolicy/GPOOperations/Manifest" xmlns:mfst="http://www.microsoft.com/GroupPolicy/GPOOperations/Manifest" mfst:version="1.0"><BackupInst><GPOGuid><![CDATA[{B3023C4D-EF31-4C54-9D5B-324A99F0A7AB}]]></GPOGuid><GPODomain><![CDATA[ansible.lan]]></GPODomain><GPODomainGuid><![CDATA[{af82a4f4-1773-4c8e-9983-ba2404847a8d}]]></GPODomainGuid><GPODomainController><![CDATA[Ansible-W2019.ansible.lan]]></GPODomainController><BackupTime><![CDATA[2022-05-06T22:35:13]]></BackupTime><ID><![CDATA[{05395B23-21B0-42FA-8495-A2555D41E56D}]]></ID><Comment><![CDATA[]]></Comment><GPODisplayName><![CDATA[DoD - Internet Explorer 11 - Computer]]></GPODisplayName></BackupInst></Backups>