<Backups xmlns="http://www.microsoft.com/GroupPolicy/GPOOperations/Manifest" xmlns:mfst="http://www.microsoft.com/GroupPolicy/GPOOperations/Manifest" mfst:version="1.0"><BackupInst><GPOGuid><![CDATA[{A43B688A-7B62-4E33-98B2-BBE5E91A4B30}]]></GPOGuid><GPODomain><![CDATA[ansible.lan]]></GPODomain><GPODomainGuid><![CDATA[{af82a4f4-1773-4c8e-9983-ba2404847a8d}]]></GPODomainGuid><GPODomainController><![CDATA[Ansible-W2019.ansible.lan]]></GPODomainController><BackupTime><![CDATA[2022-05-06T22:35:13]]></BackupTime><ID><![CDATA[{76A38F4E-548E-4260-9822-1E0783CCE1AD}]]></ID><Comment><![CDATA[]]></Comment><GPODisplayName><![CDATA[DoD - Visio 2016]]></GPODisplayName></BackupInst></Backups>